substation,feeder,segment,xformer,DER
substation0,*,*,*,*
substation0,*,*,*,*
substation0,*,*,*,*
substation0,*,*,*,*
substation0,*,*,*,*
substation0,*,*,*,*
substation0,*,*,*,*
substation0,*,*,*,*
substation0,*,*,*,*
substation0,*,*,*,*
substation0,*,*,*,*
substation0,*,*,*,*
substation0,*,*,*,*
substation0,*,*,*,*
substation0,*,*,*,*
substation0,*,*,*,*
substation0,*,*,*,*
substation0,*,*,*,*
substation0,*,*,*,*
substation0,*,*,*,*
substation0,*,*,*,*
substation0,*,*,*,*
substation0,*,*,*,*
substation0,*,*,*,*
substation0,*,*,*,*
substation0,*,*,*,*
substation0,*,*,*,*
substation0,*,*,*,*
substation0,*,*,*,*
substation0,*,*,*,*
substation0,*,*,*,*
substation0,*,*,*,*
substation0,*,*,*,*
substation0,*,*,*,*
substation0,*,*,*,*
substation0,*,*,*,*
substation0,*,*,*,*
substation0,*,*,*,*
substation0,*,*,*,*
substation0,*,*,*,*
substation0,*,*,*,*
substation0,*,*,*,*
substation0,*,*,*,*
substation0,*,*,*,*
substation0,*,*,*,*
substation0,*,*,*,*
substation0,*,*,*,*
substation0,*,*,*,*
substation0,*,*,*,*
substation0,*,*,*,*
substation0,*,*,*,*
substation0,*,*,*,*
substation0,*,*,*,*
substation0,*,*,*,*
substation0,*,*,*,*
substation0,*,*,*,*
substation0,*,*,*,*
substation0,*,*,*,*
substation0,*,*,*,*
substation0,*,*,*,*
substation0,*,*,*,*
substation0,*,*,*,*
substation0,*,*,*,*
substation0,*,*,*,*
substation0,*,*,*,*
substation0,*,*,*,*
substation0,*,*,*,*
substation0,*,*,*,*
substation0,*,*,*,*
substation0,*,*,*,*
substation0,*,*,*,*
substation0,*,*,*,*
substation0,*,*,*,*
substation0,*,*,*,*
substation0,*,*,*,*
substation0,*,*,*,*
substation0,*,*,*,*
substation0,*,*,*,*
substation0,*,*,*,*
substation0,*,*,*,*
substation0,*,*,*,*
substation0,*,*,*,*
substation0,*,*,*,*
substation0,*,*,*,*
substation0,*,*,*,*
substation0,*,*,*,*
substation0,*,*,*,*
substation0,*,*,*,*
substation0,*,*,*,*
substation0,*,*,*,*
substation0,*,*,*,*
substation0,*,*,*,*
substation0,*,*,*,*
substation0,*,*,*,*
substation0,*,*,*,*
substation0,*,*,*,*
substation0,*,*,*,*
substation0,*,*,*,*
substation0,*,*,*,*
substation0,*,*,*,*
substation0,*,*,*,*
substation0,*,*,*,*
substation0,*,*,*,*
substation0,*,*,*,*
substation0,*,*,*,*
substation0,*,*,*,*
substation0,*,*,*,*
substation0,*,*,*,*
substation0,*,*,*,*
substation0,*,*,*,*
substation0,*,*,*,*
substation0,*,*,*,*
substation0,*,*,*,*
substation0,*,*,*,*
substation0,*,*,*,*
substation0,*,*,*,*
substation0,*,*,*,*
substation0,*,*,*,*
substation0,*,*,*,*
substation0,*,*,*,*
substation0,*,*,*,*
substation0,*,*,*,*
substation0,*,*,*,*
substation0,*,*,*,*
substation0,*,*,*,*
substation0,*,*,*,*
substation0,*,*,*,*
substation0,*,*,*,*
substation0,*,*,*,*
substation0,*,*,*,*
substation0,*,*,*,*
substation0,*,*,*,*
substation0,*,*,*,*
substation0,*,*,*,*
substation0,*,*,*,*
substation0,*,*,*,*
substation0,*,*,*,*
substation0,*,*,*,*
substation0,*,*,*,*
substation0,*,*,*,*
substation0,*,*,*,*
substation0,*,*,*,*
substation0,*,*,*,*
substation0,*,*,*,*
substation0,*,*,*,*
substation0,*,*,*,*
substation0,*,*,*,*
substation0,*,*,*,*
substation0,*,*,*,*
substation0,*,*,*,*
substation0,*,*,*,*
substation0,*,*,*,*
substation0,*,*,*,*
substation0,*,*,*,*
substation0,*,*,*,*
substation0,*,*,*,*
substation0,*,*,*,*
substation0,*,*,*,*
substation0,*,*,*,*
substation0,*,*,*,*
substation0,*,*,*,*
substation0,*,*,*,*
substation0,*,*,*,*
substation0,*,*,*,*
substation0,*,*,*,*
substation0,*,*,*,*
substation0,*,*,*,*
substation0,*,*,*,*
substation0,*,*,*,*
substation0,*,*,*,*
substation0,*,*,*,*
substation0,*,*,*,*
substation0,*,*,*,*
substation0,*,*,*,*
substation0,*,*,*,*
substation0,*,*,*,*
substation0,*,*,*,*
substation0,*,*,*,*
substation0,*,*,*,*
substation0,*,*,*,*
substation0,*,*,*,*
substation0,*,*,*,*
substation0,*,*,*,*
substation0,*,*,*,*
substation0,*,*,*,*
substation0,*,*,*,*
substation0,*,*,*,*
substation0,*,*,*,*
substation0,*,*,*,*
substation0,*,*,*,*
substation0,*,*,*,*
substation0,*,*,*,*
substation0,*,*,*,*
substation0,*,*,*,*
substation0,*,*,*,*
substation0,*,*,*,*
substation0,*,*,*,*
substation0,*,*,*,*
substation0,*,*,*,*
substation0,*,*,*,*
substation0,*,*,*,*
substation0,*,*,*,*
substation0,*,*,*,*
substation0,*,*,*,*
substation0,*,*,*,*
substation0,*,*,*,*
substation0,*,*,*,*
substation0,*,*,*,*
substation0,*,*,*,*
substation0,*,*,*,*
substation0,*,*,*,*
substation0,*,*,*,*
substation0,*,*,*,*
substation0,*,*,*,*
substation0,*,*,*,*
substation0,*,*,*,*
substation0,*,*,*,*
substation0,*,*,*,*
substation0,*,*,*,*
substation0,*,*,*,*
substation0,*,*,*,*
substation0,*,*,*,*
substation0,*,*,*,*
substation0,*,*,*,*
substation0,*,*,*,*
substation0,*,*,*,*
substation0,*,*,*,*
substation0,*,*,*,*
substation0,*,*,*,*
substation0,*,*,*,*
substation0,*,*,*,*
substation0,*,*,*,*
substation0,*,*,*,*
substation0,*,*,*,*
substation0,*,*,*,*
substation0,*,*,*,*
substation0,*,*,*,*
substation0,*,*,*,*
substation0,*,*,*,*
substation0,*,*,*,*
substation0,*,*,*,*
substation0,*,*,*,*
substation0,*,*,*,*
substation0,*,*,*,*
substation0,*,*,*,*
substation0,*,*,*,*
substation0,*,*,*,*
substation0,*,*,*,*
substation0,*,*,*,*
substation0,*,*,*,*
substation0,*,*,*,*
substation0,*,*,*,*
substation0,*,*,*,*
substation0,*,*,*,*
substation0,*,*,*,*
substation0,*,*,*,*
substation0,*,*,*,*
substation0,*,*,*,*
substation0,*,*,*,*
substation0,*,*,*,*
substation0,*,*,*,*
substation0,*,*,*,*
substation0,*,*,*,*
substation0,*,*,*,*
substation0,*,*,*,*
substation0,*,*,*,*
substation0,*,*,*,*
substation0,*,*,*,*
substation0,*,*,*,*
substation0,*,*,*,*
substation0,*,*,*,*
substation0,*,*,*,*
substation0,*,*,*,*
substation0,*,*,*,*
substation0,*,*,*,*
substation0,*,*,*,*
substation0,*,*,*,*
substation0,*,*,*,*
substation0,*,*,*,*
substation0,*,*,*,*
substation0,*,*,*,*
substation0,*,*,*,*
substation0,*,*,*,*
substation0,*,*,*,*
substation0,*,*,*,*
substation0,*,*,*,*
substation0,*,*,*,*
substation0,*,*,*,*
substation0,*,*,*,*
substation0,*,*,*,*
substation0,*,*,*,*
substation0,*,*,*,*
substation0,*,*,*,*
substation0,*,*,*,*
substation0,*,*,*,*
substation0,*,*,*,*
substation0,*,*,*,*
substation0,*,*,*,*
substation0,*,*,*,*
substation0,*,*,*,*
substation0,*,*,*,*
substation0,*,*,*,*
substation0,*,*,*,*
substation0,*,*,*,*
substation0,*,*,*,*
substation0,*,*,*,*
substation0,*,*,*,*
substation0,*,*,*,*
substation0,*,*,*,*
substation0,*,*,*,*
substation0,*,*,*,*
substation0,*,*,*,*
substation0,*,*,*,*
substation0,*,*,*,*
substation0,*,*,*,*
substation0,*,*,*,*
substation0,*,*,*,*
substation0,*,*,*,*
substation0,*,*,*,*
substation0,*,*,*,*
substation0,*,*,*,*
substation0,*,*,*,*
substation0,*,*,*,*
substation0,*,*,*,*
substation0,*,*,*,*
substation0,*,*,*,*
substation0,*,*,*,*
substation0,*,*,*,*
substation0,*,*,*,*
substation0,*,*,*,*
substation0,*,*,*,*
substation0,*,*,*,*
substation0,*,*,*,*
substation0,*,*,*,*
substation0,*,*,*,*
substation0,*,*,*,*
substation0,*,*,*,*
substation0,*,*,*,*
substation0,*,*,*,*
substation0,*,*,*,*
substation0,*,*,*,*
substation0,*,*,*,*
substation0,*,*,*,*
substation0,*,*,*,*
substation0,*,*,*,*
substation0,*,*,*,*
substation0,*,*,*,*
substation0,*,*,*,*
substation0,*,*,*,*
substation0,*,*,*,*
substation0,*,*,*,*
substation0,*,*,*,*
substation0,*,*,*,*
substation0,*,*,*,*
substation0,*,*,*,*
substation0,*,*,*,*
substation0,*,*,*,*
substation0,*,*,*,*
substation0,*,*,*,*
substation0,*,*,*,*
substation0,*,*,*,*
substation0,*,*,*,*
substation0,*,*,*,*
substation0,*,*,*,*
substation0,*,*,*,*
substation0,*,*,*,*
substation0,*,*,*,*
substation0,*,*,*,*
substation0,*,*,*,*
substation0,*,*,*,*
substation0,*,*,*,*
substation0,*,*,*,*
substation0,*,*,*,*
substation0,*,*,*,*
substation0,*,*,*,*
substation0,*,*,*,*
substation0,*,*,*,*
substation0,*,*,*,*
substation0,*,*,*,*
substation0,*,*,*,*
substation0,*,*,*,*
substation0,*,*,*,*
substation0,*,*,*,*
substation0,*,*,*,*
substation0,*,*,*,*
substation0,*,*,*,*
substation0,*,*,*,*
substation0,*,*,*,*
substation0,*,*,*,*
substation0,*,*,*,*
substation0,*,*,*,*
substation0,*,*,*,*
substation0,*,*,*,*
substation0,*,*,*,*
substation0,*,*,*,*
substation0,*,*,*,*
substation0,*,*,*,*
substation0,*,*,*,*
substation0,*,*,*,*
substation0,*,*,*,*
substation0,*,*,*,*
substation0,*,*,*,*
substation0,*,*,*,*
substation0,*,*,*,*
substation0,*,*,*,*
substation0,*,*,*,*
substation0,*,*,*,*
substation0,*,*,*,*
substation0,*,*,*,*
substation0,*,*,*,*
substation0,*,*,*,*
substation0,*,*,*,*
substation0,*,*,*,*
substation0,*,*,*,*
substation0,*,*,*,*
substation0,*,*,*,*
substation0,*,*,*,*
substation0,*,*,*,*
substation0,*,*,*,*
substation0,*,*,*,*
substation0,*,*,*,*
substation0,*,*,*,*
substation0,*,*,*,*
substation0,*,*,*,*
substation0,*,*,*,*
substation0,*,*,*,*
substation0,*,*,*,*
substation0,*,*,*,*
substation0,*,*,*,*
substation0,*,*,*,*
substation0,*,*,*,*
substation0,*,*,*,*
substation0,*,*,*,*
substation0,*,*,*,*
substation0,*,*,*,*
substation0,*,*,*,*
substation0,*,*,*,*
substation0,*,*,*,*
substation0,*,*,*,*
substation0,*,*,*,*
substation0,*,*,*,*
substation0,*,*,*,*
substation0,*,*,*,*
substation0,*,*,*,*
substation0,*,*,*,*
substation0,*,*,*,*
substation0,*,*,*,*
substation0,*,*,*,*
substation0,*,*,*,*
substation0,*,*,*,*
substation0,*,*,*,*
substation0,*,*,*,*
substation0,*,*,*,*
substation0,*,*,*,*
substation0,*,*,*,*
substation0,*,*,*,*
substation0,*,*,*,*
substation0,*,*,*,*
substation0,*,*,*,*
substation0,*,*,*,*
substation0,*,*,*,*
substation0,*,*,*,*
substation0,*,*,*,*
substation0,*,*,*,*
substation0,*,*,*,*
substation0,*,*,*,*
substation0,*,*,*,*
substation0,*,*,*,*
substation0,*,*,*,*
substation0,*,*,*,*
substation0,*,*,*,*
substation0,*,*,*,*
substation0,*,*,*,*
substation0,*,*,*,*
substation0,*,*,*,*
substation0,*,*,*,*
substation0,*,*,*,*
substation0,*,*,*,*
substation0,*,*,*,*
substation0,*,*,*,*
substation0,*,*,*,*
substation0,*,*,*,*
substation0,*,*,*,*
substation0,*,*,*,*
substation0,*,*,*,*
substation0,*,*,*,*
substation0,*,*,*,*
substation0,*,*,*,*
substation0,*,*,*,*
substation0,*,*,*,*
substation0,*,*,*,*
substation0,*,*,*,*
substation0,*,*,*,*
substation0,*,*,*,*
substation0,*,*,*,*
substation0,*,*,*,*
substation0,*,*,*,*
substation0,*,*,*,*
substation0,*,*,*,*
substation0,*,*,*,*
substation0,*,*,*,*
substation0,*,*,*,*
substation0,*,*,*,*
substation0,*,*,*,*
substation0,*,*,*,*
substation0,*,*,*,*
substation0,*,*,*,*
substation0,*,*,*,*
substation0,*,*,*,*
substation0,*,*,*,*
substation0,*,*,*,*
substation0,*,*,*,*
substation0,*,*,*,*
substation0,*,*,*,*
substation0,*,*,*,*
substation0,*,*,*,*
substation0,*,*,*,*
substation0,*,*,*,*
substation0,*,*,*,*
substation0,*,*,*,*
substation0,*,*,*,*
substation0,*,*,*,*
substation0,*,*,*,*
substation0,*,*,*,*
substation0,*,*,*,*
substation0,*,*,*,*
substation0,*,*,*,*
substation0,*,*,*,*
substation0,*,*,*,*
substation0,*,*,*,*
substation0,*,*,*,*
substation0,*,*,*,*
substation0,*,*,*,*
substation0,*,*,*,*
substation0,*,*,*,*
substation0,*,*,*,*
substation0,*,*,*,*
substation0,*,*,*,*
substation0,*,*,*,*
substation0,*,*,*,*
substation0,*,*,*,*
substation0,*,*,*,*
substation0,*,*,*,*
substation0,*,*,*,*
substation0,*,*,*,*
substation0,*,*,*,*
substation0,*,*,*,*
substation0,*,*,*,*
substation0,*,*,*,*
substation0,*,*,*,*
substation0,*,*,*,*
substation0,*,*,*,*
substation0,*,*,*,*
substation0,*,*,*,*
substation0,*,*,*,*
substation0,*,*,*,*
substation0,*,*,*,*
substation0,*,*,*,*
substation0,*,*,*,*
substation0,*,*,*,*
substation0,*,*,*,*
substation0,*,*,*,*
substation0,*,*,*,*
substation0,*,*,*,*
substation0,*,*,*,*
substation0,*,*,*,*
substation0,*,*,*,*
substation0,*,*,*,*
substation0,*,*,*,*
substation0,*,*,*,*
substation0,*,*,*,*
substation0,*,*,*,*
substation0,*,*,*,*
substation0,*,*,*,*
substation0,*,*,*,*
substation0,*,*,*,*
substation0,*,*,*,*
substation0,*,*,*,*
substation0,*,*,*,*
substation0,*,*,*,*
substation0,*,*,*,*
substation0,*,*,*,*
substation0,*,*,*,*
substation0,*,*,*,*
substation0,*,*,*,*
substation0,*,*,*,*
substation0,*,*,*,*
substation0,*,*,*,*
substation0,*,*,*,*
substation0,*,*,*,*
substation0,*,*,*,*
substation0,*,*,*,*
substation0,*,*,*,*
substation0,*,*,*,*
substation0,*,*,*,*
substation0,*,*,*,*
substation0,*,*,*,*
substation0,*,*,*,*
substation0,*,*,*,*
substation0,*,*,*,*
substation0,*,*,*,*
substation0,*,*,*,*
substation0,*,*,*,*
substation0,*,*,*,*
substation0,*,*,*,*
substation0,*,*,*,*
substation0,*,*,*,*
substation0,*,*,*,*
substation0,*,*,*,*
substation0,*,*,*,*
substation0,*,*,*,*
substation0,*,*,*,*
substation0,*,*,*,*
substation0,*,*,*,*
substation0,*,*,*,*
substation0,*,*,*,*
substation0,*,*,*,*
substation0,*,*,*,*
substation0,*,*,*,*
substation0,*,*,*,*
substation0,*,*,*,*
substation0,*,*,*,*
substation0,*,*,*,*
substation0,*,*,*,*
substation0,*,*,*,*
substation0,*,*,*,*
substation0,*,*,*,*
substation0,*,*,*,*
substation0,*,*,*,*
substation0,*,*,*,*
substation0,*,*,*,*
substation0,*,*,*,*
substation0,*,*,*,*
substation0,*,*,*,*
substation0,*,*,*,*
substation0,*,*,*,*
substation0,*,*,*,*
substation0,*,*,*,*
substation0,*,*,*,*
substation0,*,*,*,*
substation0,*,*,*,*
substation0,*,*,*,*
substation0,*,*,*,*
substation0,*,*,*,*
substation0,*,*,*,*
substation0,*,*,*,*
substation0,*,*,*,*
substation0,*,*,*,*
substation0,*,*,*,*
substation0,*,*,*,*
substation0,*,*,*,*
substation0,*,*,*,*
substation0,*,*,*,*
substation0,*,*,*,*
substation0,*,*,*,*
substation0,*,*,*,*
substation0,*,*,*,*
substation0,*,*,*,*
substation0,*,*,*,*
substation0,*,*,*,*
substation0,*,*,*,*
substation0,*,*,*,*
substation0,*,*,*,*
substation0,*,*,*,*
substation0,*,*,*,*
substation0,*,*,*,*
substation0,*,*,*,*
substation0,*,*,*,*
substation0,*,*,*,*
substation0,*,*,*,*
substation0,*,*,*,*
substation0,*,*,*,*
substation0,*,*,*,*
substation0,*,*,*,*
substation0,*,*,*,*
substation0,*,*,*,*
substation0,*,*,*,*
substation0,*,*,*,*
substation0,*,*,*,*
substation0,*,*,*,*
substation0,*,*,*,*
substation0,*,*,*,*
substation0,*,*,*,*
substation0,*,*,*,*
substation0,*,*,*,*
substation0,*,*,*,*
substation0,*,*,*,*
substation0,*,*,*,*
substation0,*,*,*,*
substation0,*,*,*,*
substation0,*,*,*,*
substation0,*,*,*,*
substation0,*,*,*,*
substation0,*,*,*,*
substation0,*,*,*,*
substation0,*,*,*,*
substation0,*,*,*,*
substation0,*,*,*,*
substation0,*,*,*,*
substation0,*,*,*,*
substation0,*,*,*,*
substation0,*,*,*,*
substation0,*,*,*,*
substation0,*,*,*,*
substation0,*,*,*,*
substation0,*,*,*,*
substation0,*,*,*,*
substation0,*,*,*,*
substation0,*,*,*,*
substation0,*,*,*,*
substation0,*,*,*,*
substation0,*,*,*,*
substation0,*,*,*,*
substation0,*,*,*,*
substation0,*,*,*,*
substation0,*,*,*,*
substation0,*,*,*,*
substation0,*,*,*,*
substation0,*,*,*,*
substation0,*,*,*,*
substation0,*,*,*,*
substation0,*,*,*,*
substation0,*,*,*,*
substation0,*,*,*,*
substation0,*,*,*,*
substation0,*,*,*,*
substation0,*,*,*,*
substation0,*,*,*,*
substation0,*,*,*,*
substation0,*,*,*,*
substation0,*,*,*,*
substation0,*,*,*,*
substation0,*,*,*,*
substation0,*,*,*,*
substation0,*,*,*,*
substation0,*,*,*,*
substation0,*,*,*,*
substation0,*,*,*,*
substation0,*,*,*,*
substation0,*,*,*,*
substation0,*,*,*,*
substation0,*,*,*,*
substation0,*,*,*,*
substation0,*,*,*,*
substation0,*,*,*,*
substation0,*,*,*,*
substation0,*,*,*,*
substation0,*,*,*,*
substation0,*,*,*,*
substation0,*,*,*,*
substation0,*,*,*,*
substation0,*,*,*,*
substation0,*,*,*,*
substation0,*,*,*,*
substation0,*,*,*,*
substation0,*,*,*,*
substation0,*,*,*,*
substation0,*,*,*,*
substation0,*,*,*,*
substation0,*,*,*,*
substation0,*,*,*,*
substation0,*,*,*,*
substation0,*,*,*,*
substation0,*,*,*,*
substation0,*,*,*,*
substation0,*,*,*,*
substation0,*,*,*,*
substation0,*,*,*,*
substation0,*,*,*,*
substation0,*,*,*,*
substation0,*,*,*,*
substation0,*,*,*,*
substation0,*,*,*,*
substation0,*,*,*,*
substation0,*,*,*,*
substation0,*,*,*,*
substation0,*,*,*,*
substation0,*,*,*,*
substation0,*,*,*,*
substation0,*,*,*,*
substation0,*,*,*,*
substation0,*,*,*,*
substation0,*,*,*,*
substation0,*,*,*,*
substation0,*,*,*,*
substation0,*,*,*,*
substation0,*,*,*,*
substation0,*,*,*,*
substation0,*,*,*,*
substation0,*,*,*,*
substation0,*,*,*,*
substation0,*,*,*,*
substation0,*,*,*,*
substation0,*,*,*,*
substation0,*,*,*,*
substation0,*,*,*,*
substation0,*,*,*,*
substation0,*,*,*,*
substation0,*,*,*,*
substation0,*,*,*,*
substation0,*,*,*,*
substation0,*,*,*,*
substation0,*,*,*,*
substation0,*,*,*,*
substation0,*,*,*,*
substation0,*,*,*,*
substation0,*,*,*,*
substation0,*,*,*,*
substation0,*,*,*,*
substation0,*,*,*,*
substation0,*,*,*,*
substation0,*,*,*,*
substation0,*,*,*,*
substation0,*,*,*,*
substation0,*,*,*,*
substation0,*,*,*,*
substation0,*,*,*,*
substation0,*,*,*,*
substation0,*,*,*,*
substation0,*,*,*,*
substation0,*,*,*,*
substation0,*,*,*,*
substation0,*,*,*,*
substation0,*,*,*,*
substation0,*,*,*,*
substation0,*,*,*,*
substation0,*,*,*,*
substation0,*,*,*,*
substation0,*,*,*,*
substation0,*,*,*,*
substation0,*,*,*,*
substation0,*,*,*,*
substation0,*,*,*,*
substation0,*,*,*,*
substation0,*,*,*,*
substation0,*,*,*,*
substation0,*,*,*,*
substation0,*,*,*,*
substation0,*,*,*,*
substation0,*,*,*,*
substation0,*,*,*,*
substation0,*,*,*,*
substation0,*,*,*,*
substation0,*,*,*,*
substation0,*,*,*,*
substation0,*,*,*,*
substation0,*,*,*,*
substation0,*,*,*,*
substation0,*,*,*,*
substation0,*,*,*,*
substation0,*,*,*,*
substation0,*,*,*,*
substation0,*,*,*,*
substation0,*,*,*,*
substation0,*,*,*,*
substation0,*,*,*,*
substation0,*,*,*,*
substation0,*,*,*,*
substation0,*,*,*,*
substation0,*,*,*,*
substation0,*,*,*,*
substation0,*,*,*,*
substation0,*,*,*,*
substation0,*,*,*,*
substation0,*,*,*,*
substation0,*,*,*,*
substation0,*,*,*,*
substation0,*,*,*,*
substation0,*,*,*,*
substation0,*,*,*,*
substation0,*,*,*,*
substation0,*,*,*,*
substation0,*,*,*,*
substation0,*,*,*,*
substation0,*,*,*,*
substation0,*,*,*,*
substation0,*,*,*,*
substation0,*,*,*,*
substation0,*,*,*,*
substation0,*,*,*,*
substation0,*,*,*,*
substation0,*,*,*,*
substation0,*,*,*,*
substation0,*,*,*,*
substation0,*,*,*,*
substation0,*,*,*,*
substation0,*,*,*,*
substation0,*,*,*,*
substation0,*,*,*,*
substation0,*,*,*,*
substation0,*,*,*,*
substation0,*,*,*,*
substation0,*,*,*,*
substation0,*,*,*,*
substation0,*,*,*,*
substation0,*,*,*,*
substation0,*,*,*,*
substation0,*,*,*,*
substation0,*,*,*,*
substation0,*,*,*,*
substation0,*,*,*,*
substation0,*,*,*,*
substation0,*,*,*,*
substation0,*,*,*,*
substation0,*,*,*,*
substation0,*,*,*,*
substation0,*,*,*,*
substation0,*,*,*,*
substation0,*,*,*,*
substation0,*,*,*,*
substation0,*,*,*,*
substation0,*,*,*,*
substation0,*,*,*,*
substation0,*,*,*,*
substation0,*,*,*,*
substation0,*,*,*,*
substation0,*,*,*,*
substation0,*,*,*,*
substation0,*,*,*,*
substation0,*,*,*,*
substation0,*,*,*,*
substation0,*,*,*,*
substation0,*,*,*,*
substation0,*,*,*,*
substation0,*,*,*,*
substation0,*,*,*,*
substation0,*,*,*,*
substation0,*,*,*,*
substation0,*,*,*,*
substation0,*,*,*,*
substation0,*,*,*,*
substation0,*,*,*,*
substation0,*,*,*,*
substation0,*,*,*,*
substation0,*,*,*,*
substation0,*,*,*,*
substation0,*,*,*,*
substation0,*,*,*,*
substation0,*,*,*,*
substation0,*,*,*,*
substation0,*,*,*,*
substation0,*,*,*,*
substation0,*,*,*,*
substation0,*,*,*,*
substation0,*,*,*,*
substation0,*,*,*,*
substation0,*,*,*,*
substation0,*,*,*,*
substation0,*,*,*,*
substation0,*,*,*,*
substation0,*,*,*,*
substation0,*,*,*,*
substation0,*,*,*,*
substation0,*,*,*,*
substation0,*,*,*,*
substation0,*,*,*,*
substation0,*,*,*,*
substation0,*,*,*,*
substation0,*,*,*,*
substation0,*,*,*,*
